insert into menus (id, title, description) values ('1add1077-0e1c-468e-a707-3d6c733a1fbd', 'Bread', 'Black Cherry');
insert into menus (id, title, description) values ('0f294b53-3c5c-47d7-80ce-d31f844f04b1', 'Sugar', 'Emulsifier');
insert into menus (id, title, description) values ('9597fb71-f86c-4caa-a4ef-90943ff3b15b', 'Tart', 'Beef');
insert into menus (id, title, description) values ('8b29bf74-7e34-424b-9fd3-c14c524803f6', 'Soup', 'Curry');
insert into menus (id, title, description) values ('74d54570-4c02-4db1-be8a-74938b3dee9e', 'Basil', 'Melon');
insert into menus (id, title, description) values ('8b125839-5755-4440-b7c2-c7cc2fb58b9b', 'Lid', 'Water');
insert into menus (id, title, description) values ('4905e149-a78a-456b-b5ba-950f1da2876c', 'Oil', 'Cookies');
insert into menus (id, title, description) values ('c7ea2253-894b-4cb5-8100-f10f27002098', 'Bouillion', 'Beef');
insert into menus (id, title, description) values ('cfd35c6f-144a-4e61-9ef4-81881dec601e', 'Soy', 'Mint');
insert into menus (id, title, description) values ('684cf977-7180-4dba-9a6d-cc9984dae3a8', 'SoupGumbo', 'Broccoli');
insert into submenus (id, title, description, menu_id) values ('52ff89c2-0b8b-496e-890c-87b3d884afc6', 'Sobe', 'Lotus Root', '1add1077-0e1c-468e-a707-3d6c733a1fbd');
insert into submenus (id, title, description, menu_id) values ('8e854ff2-6247-4cc1-81ab-633999dbadf8', 'Lighter', 'Mushroom', '0f294b53-3c5c-47d7-80ce-d31f844f04b1');
insert into submenus (id, title, description, menu_id) values ('bb17766e-ea76-470b-be45-161304b89654', 'Asparagus', 'Coffee', '9597fb71-f86c-4caa-a4ef-90943ff3b15b');
insert into submenus (id, title, description, menu_id) values ('c16460a3-9757-425c-84eb-660220c05884', 'Energy', 'Salmon', '8b29bf74-7e34-424b-9fd3-c14c524803f6');
insert into submenus (id, title, description, menu_id) values ('5f814460-5c7d-4c8c-bf84-04d71b5ce374', 'Chutney', 'Lamb', '74d54570-4c02-4db1-be8a-74938b3dee9e');
insert into submenus (id, title, description, menu_id) values ('640aa8e8-d980-4231-b1d5-96655d7ace6a', 'Stock', 'Buffalo', '8b125839-5755-4440-b7c2-c7cc2fb58b9b');
insert into submenus (id, title, description, menu_id) values ('47cd1947-c3db-482e-b422-5cf5a8516093', 'Trout', 'Island', '4905e149-a78a-456b-b5ba-950f1da2876c');
insert into submenus (id, title, description, menu_id) values ('7fd8c979-cc1c-40b4-becb-b882cf142f70', 'Appetizer', 'Lamb', 'c7ea2253-894b-4cb5-8100-f10f27002098');
insert into submenus (id, title, description, menu_id) values ('49dfcace-afe6-4277-a765-683b687f05ef', 'Beef', 'Soup', 'cfd35c6f-144a-4e61-9ef4-81881dec601e');
insert into submenus (id, title, description, menu_id) values ('c47b8f33-b365-4486-8143-7ce983e681c1', 'Carrots', 'Sword', '684cf977-7180-4dba-9a6d-cc9984dae3a8');
insert into dishes (id, title, description, price, submenu_id) values ('d5afbe7f-3a5f-40ab-ac20-e72cc3a9e24e', 'Chicken', 'Ezy', 16.345, '52ff89c2-0b8b-496e-890c-87b3d884afc6');
insert into dishes (id, title, description, price, submenu_id) values ('ecbc94ea-24b7-4c72-af5a-d5d32baecfe2', 'Jack', 'Cake', 67.23, '8e854ff2-6247-4cc1-81ab-633999dbadf8');
insert into dishes (id, title, description, price, submenu_id) values ('8702fda9-ed8e-45d3-8c2c-e0672d11ee3c', 'Oil', 'Thyme', 96.324, 'bb17766e-ea76-470b-be45-161304b89654');
insert into dishes (id, title, description, price, submenu_id) values ('8e111eee-0737-4aaa-8406-a098e77b4063', 'Squid', 'Aliz', 85.3456, 'c16460a3-9757-425c-84eb-660220c05884');
insert into dishes (id, title, description, price, submenu_id) values ('9ba96fb3-886b-4831-bb1c-076145e13b15', 'Pork', 'Water', 90.3245, '5f814460-5c7d-4c8c-bf84-04d71b5ce374');
insert into dishes (id, title, description, price, submenu_id) values ('cad1186d-1fdf-4a35-9a21-1f967bab4cfe', 'Irish', 'Beer', 88.345, '640aa8e8-d980-4231-b1d5-96655d7ace6a');
insert into dishes (id, title, description, price, submenu_id) values ('e4b17166-112c-483d-a8ff-ff2a083e5e36', 'Apron', 'Tomatoes', 49.345, '47cd1947-c3db-482e-b422-5cf5a8516093');
insert into dishes (id, title, description, price, submenu_id) values ('3c440ad7-3857-47a6-b667-4a8993c59a59', 'Bread', 'Sauce', 81.324, '7fd8c979-cc1c-40b4-becb-b882cf142f70');
insert into dishes (id, title, description, price, submenu_id) values ('b8b461aa-9457-40c8-abf0-6cd5cc60d1b1', 'Muffin', 'Lid', 22.3456, '49dfcace-afe6-4277-a765-683b687f05ef');
insert into dishes (id, title, description, price, submenu_id) values ('881b141a-b9d7-4d06-84d4-9d3d827eea0e', 'Cocoa', 'Dehydrated', 51.3245, 'c47b8f33-b365-4486-8143-7ce983e681c1');
